{"cameraMode":{"drawMode":0,"name":"Shaded","section":"Shading Mode"},"sceneLighting":true,"audioPlay":false,"sceneViewState":{"showFog":true,"showMaterialUpdate":false,"showSkybox":true,"showFlares":true,"showImageEffects":true,"showParticleSystems":true},"in2DMode":false,"pivot":{"x":31.494728088378908,"y":2.209567070007324,"z":13.86153793334961},"rotation":{"x":-0.12320122867822647,"y":-0.6746445298194885,"z":0.11567512899637222,"w":-0.7185375094413757},"size":10.0,"orthographic":false}